时间段(Epoch),分期阶段代码,对应睡眠状态
1,0,Wake(清醒)
2,0,Wake(清醒)
3,0,Wake(清醒)
4,0,Wake(清醒)
5,0,Wake(清醒)
6,0,Wake(清醒)
7,0,Wake(清醒)
8,0,Wake(清醒)
9,0,Wake(清醒)
10,0,Wake(清醒)
11,0,Wake(清醒)
12,0,Wake(清醒)
13,0,Wake(清醒)
14,0,Wake(清醒)
15,0,Wake(清醒)
16,0,Wake(清醒)
17,0,Wake(清醒)
18,0,Wake(清醒)
19,0,Wake(清醒)
20,0,Wake(清醒)
21,0,Wake(清醒)
22,0,Wake(清醒)
23,0,Wake(清醒)
24,0,Wake(清醒)
25,0,Wake(清醒)
26,0,Wake(清醒)
27,0,Wake(清醒)
28,0,Wake(清醒)
29,0,Wake(清醒)
30,0,Wake(清醒)
31,0,Wake(清醒)
32,0,Wake(清醒)
33,0,Wake(清醒)
34,0,Wake(清醒)
35,0,Wake(清醒)
36,0,Wake(清醒)
37,0,Wake(清醒)
38,0,Wake(清醒)
39,0,Wake(清醒)
40,0,Wake(清醒)
41,0,Wake(清醒)
42,0,Wake(清醒)
43,0,Wake(清醒)
44,0,Wake(清醒)
45,0,Wake(清醒)
46,0,Wake(清醒)
47,0,Wake(清醒)
48,0,Wake(清醒)
49,0,Wake(清醒)
50,0,Wake(清醒)
51,0,Wake(清醒)
52,0,Wake(清醒)
53,0,Wake(清醒)
54,0,Wake(清醒)
55,0,Wake(清醒)
56,0,Wake(清醒)
57,0,Wake(清醒)
58,0,Wake(清醒)
59,0,Wake(清醒)
60,0,Wake(清醒)
61,0,Wake(清醒)
62,0,Wake(清醒)
63,0,Wake(清醒)
64,0,Wake(清醒)
65,0,Wake(清醒)
66,0,Wake(清醒)
67,0,Wake(清醒)
68,0,Wake(清醒)
69,0,Wake(清醒)
70,0,Wake(清醒)
71,0,Wake(清醒)
72,0,Wake(清醒)
73,0,Wake(清醒)
74,0,Wake(清醒)
75,0,Wake(清醒)
76,0,Wake(清醒)
77,0,Wake(清醒)
78,0,Wake(清醒)
79,0,Wake(清醒)
80,0,Wake(清醒)
81,0,Wake(清醒)
82,0,Wake(清醒)
83,0,Wake(清醒)
84,0,Wake(清醒)
85,0,Wake(清醒)
86,0,Wake(清醒)
87,0,Wake(清醒)
88,0,Wake(清醒)
89,0,Wake(清醒)
90,0,Wake(清醒)
91,0,Wake(清醒)
92,0,Wake(清醒)
93,0,Wake(清醒)
94,0,Wake(清醒)
95,0,Wake(清醒)
96,0,Wake(清醒)
97,0,Wake(清醒)
98,0,Wake(清醒)
99,0,Wake(清醒)
100,0,Wake(清醒)
101,0,Wake(清醒)
102,0,Wake(清醒)
103,0,Wake(清醒)
104,0,Wake(清醒)
105,0,Wake(清醒)
106,0,Wake(清醒)
107,0,Wake(清醒)
108,0,Wake(清醒)
109,0,Wake(清醒)
110,0,Wake(清醒)
111,0,Wake(清醒)
112,0,Wake(清醒)
113,0,Wake(清醒)
114,0,Wake(清醒)
115,0,Wake(清醒)
116,0,Wake(清醒)
117,0,Wake(清醒)
118,0,Wake(清醒)
119,0,Wake(清醒)
120,0,Wake(清醒)
121,0,Wake(清醒)
122,0,Wake(清醒)
123,0,Wake(清醒)
124,0,Wake(清醒)
125,0,Wake(清醒)
126,0,Wake(清醒)
127,0,Wake(清醒)
128,0,Wake(清醒)
129,0,Wake(清醒)
130,0,Wake(清醒)
131,0,Wake(清醒)
132,0,Wake(清醒)
133,0,Wake(清醒)
134,0,Wake(清醒)
135,0,Wake(清醒)
136,0,Wake(清醒)
137,0,Wake(清醒)
138,0,Wake(清醒)
139,0,Wake(清醒)
140,0,Wake(清醒)
141,0,Wake(清醒)
142,0,Wake(清醒)
143,0,Wake(清醒)
144,0,Wake(清醒)
145,0,Wake(清醒)
146,0,Wake(清醒)
147,0,Wake(清醒)
148,0,Wake(清醒)
149,0,Wake(清醒)
150,0,Wake(清醒)
151,0,Wake(清醒)
152,0,Wake(清醒)
153,0,Wake(清醒)
154,0,Wake(清醒)
155,0,Wake(清醒)
156,0,Wake(清醒)
157,0,Wake(清醒)
158,0,Wake(清醒)
159,0,Wake(清醒)
160,0,Wake(清醒)
161,0,Wake(清醒)
162,0,Wake(清醒)
163,0,Wake(清醒)
164,0,Wake(清醒)
165,0,Wake(清醒)
166,0,Wake(清醒)
167,0,Wake(清醒)
168,0,Wake(清醒)
169,0,Wake(清醒)
170,0,Wake(清醒)
171,0,Wake(清醒)
172,0,Wake(清醒)
173,0,Wake(清醒)
174,0,Wake(清醒)
175,0,Wake(清醒)
176,0,Wake(清醒)
177,0,Wake(清醒)
178,0,Wake(清醒)
179,0,Wake(清醒)
180,0,Wake(清醒)
181,0,Wake(清醒)
182,0,Wake(清醒)
183,0,Wake(清醒)
184,0,Wake(清醒)
185,0,Wake(清醒)
186,0,Wake(清醒)
187,0,Wake(清醒)
188,0,Wake(清醒)
189,0,Wake(清醒)
190,0,Wake(清醒)
191,0,Wake(清醒)
192,0,Wake(清醒)
193,0,Wake(清醒)
194,0,Wake(清醒)
195,0,Wake(清醒)
196,0,Wake(清醒)
197,0,Wake(清醒)
198,0,Wake(清醒)
199,0,Wake(清醒)
200,0,Wake(清醒)
201,0,Wake(清醒)
202,0,Wake(清醒)
203,0,Wake(清醒)
204,0,Wake(清醒)
205,0,Wake(清醒)
206,0,Wake(清醒)
207,0,Wake(清醒)
208,0,Wake(清醒)
209,0,Wake(清醒)
210,0,Wake(清醒)
211,0,Wake(清醒)
212,0,Wake(清醒)
213,0,Wake(清醒)
214,0,Wake(清醒)
215,0,Wake(清醒)
216,0,Wake(清醒)
217,0,Wake(清醒)
218,0,Wake(清醒)
219,0,Wake(清醒)
220,0,Wake(清醒)
221,0,Wake(清醒)
222,0,Wake(清醒)
223,0,Wake(清醒)
224,0,Wake(清醒)
225,0,Wake(清醒)
226,0,Wake(清醒)
227,0,Wake(清醒)
228,0,Wake(清醒)
229,0,Wake(清醒)
230,0,Wake(清醒)
231,0,Wake(清醒)
232,0,Wake(清醒)
233,0,Wake(清醒)
234,0,Wake(清醒)
235,0,Wake(清醒)
236,0,Wake(清醒)
237,0,Wake(清醒)
238,0,Wake(清醒)
239,0,Wake(清醒)
240,0,Wake(清醒)
241,0,Wake(清醒)
242,0,Wake(清醒)
243,0,Wake(清醒)
244,0,Wake(清醒)
245,0,Wake(清醒)
246,0,Wake(清醒)
247,0,Wake(清醒)
248,0,Wake(清醒)
249,0,Wake(清醒)
250,0,Wake(清醒)
251,0,Wake(清醒)
252,0,Wake(清醒)
253,0,Wake(清醒)
254,0,Wake(清醒)
255,0,Wake(清醒)
256,0,Wake(清醒)
257,0,Wake(清醒)
258,0,Wake(清醒)
259,0,Wake(清醒)
260,0,Wake(清醒)
261,0,Wake(清醒)
262,0,Wake(清醒)
263,0,Wake(清醒)
264,0,Wake(清醒)
265,0,Wake(清醒)
266,0,Wake(清醒)
267,0,Wake(清醒)
268,0,Wake(清醒)
269,0,Wake(清醒)
270,0,Wake(清醒)
271,0,Wake(清醒)
272,0,Wake(清醒)
273,0,Wake(清醒)
274,0,Wake(清醒)
275,0,Wake(清醒)
276,0,Wake(清醒)
277,0,Wake(清醒)
278,0,Wake(清醒)
279,0,Wake(清醒)
280,0,Wake(清醒)
281,0,Wake(清醒)
282,0,Wake(清醒)
283,0,Wake(清醒)
284,0,Wake(清醒)
285,0,Wake(清醒)
286,0,Wake(清醒)
287,0,Wake(清醒)
288,0,Wake(清醒)
289,0,Wake(清醒)
290,0,Wake(清醒)
291,0,Wake(清醒)
292,0,Wake(清醒)
293,0,Wake(清醒)
294,0,Wake(清醒)
295,0,Wake(清醒)
296,0,Wake(清醒)
297,0,Wake(清醒)
298,0,Wake(清醒)
299,0,Wake(清醒)
300,0,Wake(清醒)
301,0,Wake(清醒)
302,0,Wake(清醒)
303,0,Wake(清醒)
304,0,Wake(清醒)
305,0,Wake(清醒)
306,0,Wake(清醒)
307,0,Wake(清醒)
308,0,Wake(清醒)
309,0,Wake(清醒)
310,0,Wake(清醒)
311,0,Wake(清醒)
312,0,Wake(清醒)
313,0,Wake(清醒)
314,0,Wake(清醒)
315,0,Wake(清醒)
316,0,Wake(清醒)
317,0,Wake(清醒)
318,0,Wake(清醒)
319,0,Wake(清醒)
320,0,Wake(清醒)
321,0,Wake(清醒)
322,0,Wake(清醒)
323,0,Wake(清醒)
324,0,Wake(清醒)
325,0,Wake(清醒)
326,0,Wake(清醒)
327,0,Wake(清醒)
328,0,Wake(清醒)
329,0,Wake(清醒)
330,0,Wake(清醒)
331,0,Wake(清醒)
332,0,Wake(清醒)
333,0,Wake(清醒)
334,0,Wake(清醒)
335,0,Wake(清醒)
336,0,Wake(清醒)
337,0,Wake(清醒)
338,0,Wake(清醒)
339,0,Wake(清醒)
340,0,Wake(清醒)
341,0,Wake(清醒)
342,0,Wake(清醒)
343,0,Wake(清醒)
344,0,Wake(清醒)
345,0,Wake(清醒)
346,0,Wake(清醒)
347,0,Wake(清醒)
348,0,Wake(清醒)
349,0,Wake(清醒)
350,0,Wake(清醒)
351,0,Wake(清醒)
352,0,Wake(清醒)
353,0,Wake(清醒)
354,0,Wake(清醒)
355,0,Wake(清醒)
356,0,Wake(清醒)
357,0,Wake(清醒)
358,0,Wake(清醒)
359,0,Wake(清醒)
360,0,Wake(清醒)
361,0,Wake(清醒)
362,0,Wake(清醒)
363,0,Wake(清醒)
364,0,Wake(清醒)
365,0,Wake(清醒)
366,0,Wake(清醒)
367,0,Wake(清醒)
368,0,Wake(清醒)
369,0,Wake(清醒)
370,0,Wake(清醒)
371,0,Wake(清醒)
372,0,Wake(清醒)
373,0,Wake(清醒)
374,0,Wake(清醒)
375,0,Wake(清醒)
376,0,Wake(清醒)
377,0,Wake(清醒)
378,0,Wake(清醒)
379,0,Wake(清醒)
380,0,Wake(清醒)
381,0,Wake(清醒)
382,0,Wake(清醒)
383,0,Wake(清醒)
384,0,Wake(清醒)
385,0,Wake(清醒)
386,0,Wake(清醒)
387,0,Wake(清醒)
388,0,Wake(清醒)
389,0,Wake(清醒)
390,0,Wake(清醒)
391,0,Wake(清醒)
392,0,Wake(清醒)
393,0,Wake(清醒)
394,0,Wake(清醒)
395,0,Wake(清醒)
396,0,Wake(清醒)
397,0,Wake(清醒)
398,0,Wake(清醒)
399,0,Wake(清醒)
400,0,Wake(清醒)
401,0,Wake(清醒)
402,0,Wake(清醒)
403,0,Wake(清醒)
404,0,Wake(清醒)
405,0,Wake(清醒)
406,0,Wake(清醒)
407,0,Wake(清醒)
408,0,Wake(清醒)
409,0,Wake(清醒)
410,0,Wake(清醒)
411,0,Wake(清醒)
412,0,Wake(清醒)
413,0,Wake(清醒)
414,0,Wake(清醒)
415,0,Wake(清醒)
416,0,Wake(清醒)
417,0,Wake(清醒)
418,0,Wake(清醒)
419,0,Wake(清醒)
420,0,Wake(清醒)
421,0,Wake(清醒)
422,0,Wake(清醒)
423,0,Wake(清醒)
424,0,Wake(清醒)
425,0,Wake(清醒)
426,0,Wake(清醒)
427,0,Wake(清醒)
428,0,Wake(清醒)
429,0,Wake(清醒)
430,0,Wake(清醒)
431,0,Wake(清醒)
432,0,Wake(清醒)
433,0,Wake(清醒)
434,0,Wake(清醒)
435,0,Wake(清醒)
436,0,Wake(清醒)
437,0,Wake(清醒)
438,0,Wake(清醒)
439,0,Wake(清醒)
440,0,Wake(清醒)
441,0,Wake(清醒)
442,0,Wake(清醒)
443,0,Wake(清醒)
444,0,Wake(清醒)
445,0,Wake(清醒)
446,0,Wake(清醒)
447,0,Wake(清醒)
448,0,Wake(清醒)
449,0,Wake(清醒)
450,0,Wake(清醒)
451,0,Wake(清醒)
452,0,Wake(清醒)
453,0,Wake(清醒)
454,0,Wake(清醒)
455,0,Wake(清醒)
456,0,Wake(清醒)
457,0,Wake(清醒)
458,0,Wake(清醒)
459,0,Wake(清醒)
460,0,Wake(清醒)
461,0,Wake(清醒)
462,0,Wake(清醒)
463,0,Wake(清醒)
464,0,Wake(清醒)
465,0,Wake(清醒)
466,0,Wake(清醒)
467,0,Wake(清醒)
468,0,Wake(清醒)
469,0,Wake(清醒)
470,0,Wake(清醒)
471,0,Wake(清醒)
472,0,Wake(清醒)
473,0,Wake(清醒)
474,0,Wake(清醒)
475,0,Wake(清醒)
476,0,Wake(清醒)
477,0,Wake(清醒)
478,0,Wake(清醒)
479,0,Wake(清醒)
480,0,Wake(清醒)
481,0,Wake(清醒)
482,0,Wake(清醒)
483,0,Wake(清醒)
484,0,Wake(清醒)
485,0,Wake(清醒)
486,0,Wake(清醒)
487,0,Wake(清醒)
488,0,Wake(清醒)
489,0,Wake(清醒)
490,0,Wake(清醒)
491,0,Wake(清醒)
492,0,Wake(清醒)
493,0,Wake(清醒)
494,0,Wake(清醒)
495,0,Wake(清醒)
496,0,Wake(清醒)
497,0,Wake(清醒)
498,0,Wake(清醒)
499,0,Wake(清醒)
500,0,Wake(清醒)
501,0,Wake(清醒)
502,0,Wake(清醒)
503,0,Wake(清醒)
504,0,Wake(清醒)
505,0,Wake(清醒)
506,0,Wake(清醒)
507,0,Wake(清醒)
508,0,Wake(清醒)
509,0,Wake(清醒)
510,0,Wake(清醒)
511,0,Wake(清醒)
512,0,Wake(清醒)
513,0,Wake(清醒)
514,0,Wake(清醒)
515,0,Wake(清醒)
516,0,Wake(清醒)
517,0,Wake(清醒)
518,0,Wake(清醒)
519,0,Wake(清醒)
520,0,Wake(清醒)
521,0,Wake(清醒)
522,0,Wake(清醒)
523,0,Wake(清醒)
524,0,Wake(清醒)
525,0,Wake(清醒)
526,0,Wake(清醒)
527,0,Wake(清醒)
528,0,Wake(清醒)
529,0,Wake(清醒)
530,0,Wake(清醒)
531,0,Wake(清醒)
532,0,Wake(清醒)
533,0,Wake(清醒)
534,0,Wake(清醒)
535,0,Wake(清醒)
536,0,Wake(清醒)
537,0,Wake(清醒)
538,0,Wake(清醒)
539,0,Wake(清醒)
540,0,Wake(清醒)
541,0,Wake(清醒)
542,0,Wake(清醒)
543,0,Wake(清醒)
544,0,Wake(清醒)
545,0,Wake(清醒)
546,0,Wake(清醒)
547,0,Wake(清醒)
548,0,Wake(清醒)
549,0,Wake(清醒)
550,0,Wake(清醒)
551,0,Wake(清醒)
552,0,Wake(清醒)
553,0,Wake(清醒)
554,0,Wake(清醒)
555,0,Wake(清醒)
556,0,Wake(清醒)
557,0,Wake(清醒)
558,0,Wake(清醒)
559,0,Wake(清醒)
560,0,Wake(清醒)
561,0,Wake(清醒)
562,0,Wake(清醒)
563,0,Wake(清醒)
564,0,Wake(清醒)
565,0,Wake(清醒)
566,0,Wake(清醒)
567,0,Wake(清醒)
568,0,Wake(清醒)
569,0,Wake(清醒)
570,0,Wake(清醒)
571,0,Wake(清醒)
572,0,Wake(清醒)
573,0,Wake(清醒)
574,0,Wake(清醒)
575,0,Wake(清醒)
576,0,Wake(清醒)
577,0,Wake(清醒)
578,0,Wake(清醒)
579,0,Wake(清醒)
580,0,Wake(清醒)
581,0,Wake(清醒)
582,0,Wake(清醒)
583,0,Wake(清醒)
584,0,Wake(清醒)
585,0,Wake(清醒)
586,0,Wake(清醒)
587,0,Wake(清醒)
588,0,Wake(清醒)
589,0,Wake(清醒)
590,0,Wake(清醒)
591,0,Wake(清醒)
592,0,Wake(清醒)
593,0,Wake(清醒)
594,0,Wake(清醒)
595,0,Wake(清醒)
596,0,Wake(清醒)
597,0,Wake(清醒)
598,0,Wake(清醒)
599,0,Wake(清醒)
600,0,Wake(清醒)
601,0,Wake(清醒)
602,0,Wake(清醒)
603,0,Wake(清醒)
604,0,Wake(清醒)
605,0,Wake(清醒)
606,0,Wake(清醒)
607,0,Wake(清醒)
608,0,Wake(清醒)
609,0,Wake(清醒)
610,0,Wake(清醒)
611,0,Wake(清醒)
612,0,Wake(清醒)
613,0,Wake(清醒)
614,0,Wake(清醒)
615,0,Wake(清醒)
616,0,Wake(清醒)
617,0,Wake(清醒)
618,0,Wake(清醒)
619,0,Wake(清醒)
620,0,Wake(清醒)
621,0,Wake(清醒)
622,0,Wake(清醒)
623,0,Wake(清醒)
624,0,Wake(清醒)
625,0,Wake(清醒)
626,0,Wake(清醒)
627,0,Wake(清醒)
628,0,Wake(清醒)
629,0,Wake(清醒)
630,0,Wake(清醒)
631,0,Wake(清醒)
632,0,Wake(清醒)
633,0,Wake(清醒)
634,0,Wake(清醒)
635,0,Wake(清醒)
636,0,Wake(清醒)
637,0,Wake(清醒)
638,0,Wake(清醒)
639,0,Wake(清醒)
640,0,Wake(清醒)
641,0,Wake(清醒)
642,0,Wake(清醒)
643,0,Wake(清醒)
644,0,Wake(清醒)
645,0,Wake(清醒)
646,0,Wake(清醒)
647,0,Wake(清醒)
648,0,Wake(清醒)
649,0,Wake(清醒)
650,0,Wake(清醒)
651,0,Wake(清醒)
652,0,Wake(清醒)
653,0,Wake(清醒)
654,0,Wake(清醒)
655,0,Wake(清醒)
656,0,Wake(清醒)
657,0,Wake(清醒)
658,0,Wake(清醒)
659,0,Wake(清醒)
660,0,Wake(清醒)
661,0,Wake(清醒)
662,0,Wake(清醒)
663,0,Wake(清醒)
664,0,Wake(清醒)
665,0,Wake(清醒)
666,0,Wake(清醒)
667,0,Wake(清醒)
668,0,Wake(清醒)
669,0,Wake(清醒)
670,0,Wake(清醒)
671,0,Wake(清醒)
672,0,Wake(清醒)
673,0,Wake(清醒)
674,0,Wake(清醒)
675,0,Wake(清醒)
676,0,Wake(清醒)
677,0,Wake(清醒)
678,0,Wake(清醒)
679,0,Wake(清醒)
680,0,Wake(清醒)
681,0,Wake(清醒)
682,0,Wake(清醒)
683,0,Wake(清醒)
684,0,Wake(清醒)
685,0,Wake(清醒)
686,0,Wake(清醒)
687,0,Wake(清醒)
688,0,Wake(清醒)
689,0,Wake(清醒)
690,0,Wake(清醒)
691,0,Wake(清醒)
692,0,Wake(清醒)
693,0,Wake(清醒)
694,0,Wake(清醒)
695,0,Wake(清醒)
696,0,Wake(清醒)
697,0,Wake(清醒)
698,0,Wake(清醒)
699,0,Wake(清醒)
700,0,Wake(清醒)
701,0,Wake(清醒)
702,0,Wake(清醒)
703,0,Wake(清醒)
704,0,Wake(清醒)
705,0,Wake(清醒)
706,0,Wake(清醒)
707,0,Wake(清醒)
708,0,Wake(清醒)
709,0,Wake(清醒)
710,0,Wake(清醒)
711,0,Wake(清醒)
712,0,Wake(清醒)
713,0,Wake(清醒)
714,0,Wake(清醒)
715,0,Wake(清醒)
716,0,Wake(清醒)
717,0,Wake(清醒)
718,0,Wake(清醒)
719,0,Wake(清醒)
720,0,Wake(清醒)
721,0,Wake(清醒)
722,0,Wake(清醒)
723,0,Wake(清醒)
724,0,Wake(清醒)
725,0,Wake(清醒)
726,0,Wake(清醒)
727,0,Wake(清醒)
728,0,Wake(清醒)
729,0,Wake(清醒)
730,0,Wake(清醒)
731,0,Wake(清醒)
732,0,Wake(清醒)
733,0,Wake(清醒)
734,0,Wake(清醒)
735,0,Wake(清醒)
736,0,Wake(清醒)
737,0,Wake(清醒)
738,0,Wake(清醒)
739,0,Wake(清醒)
740,0,Wake(清醒)
741,0,Wake(清醒)
742,0,Wake(清醒)
743,0,Wake(清醒)
744,0,Wake(清醒)
745,0,Wake(清醒)
746,0,Wake(清醒)
747,0,Wake(清醒)
748,0,Wake(清醒)
749,0,Wake(清醒)
750,0,Wake(清醒)
751,0,Wake(清醒)
752,0,Wake(清醒)
753,0,Wake(清醒)
754,0,Wake(清醒)
755,0,Wake(清醒)
756,0,Wake(清醒)
757,0,Wake(清醒)
758,0,Wake(清醒)
759,0,Wake(清醒)
760,0,Wake(清醒)
761,0,Wake(清醒)
762,0,Wake(清醒)
763,0,Wake(清醒)
764,0,Wake(清醒)
765,0,Wake(清醒)
766,0,Wake(清醒)
767,0,Wake(清醒)
768,0,Wake(清醒)
769,0,Wake(清醒)
770,0,Wake(清醒)
771,0,Wake(清醒)
772,0,Wake(清醒)
773,0,Wake(清醒)
774,0,Wake(清醒)
775,0,Wake(清醒)
776,0,Wake(清醒)
777,0,Wake(清醒)
778,0,Wake(清醒)
779,0,Wake(清醒)
780,0,Wake(清醒)
781,0,Wake(清醒)
782,0,Wake(清醒)
783,0,Wake(清醒)
784,0,Wake(清醒)
785,0,Wake(清醒)
786,0,Wake(清醒)
787,0,Wake(清醒)
788,0,Wake(清醒)
789,0,Wake(清醒)
790,0,Wake(清醒)
791,0,Wake(清醒)
792,0,Wake(清醒)
793,0,Wake(清醒)
794,0,Wake(清醒)
795,0,Wake(清醒)
796,0,Wake(清醒)
797,0,Wake(清醒)
798,0,Wake(清醒)
799,0,Wake(清醒)
800,0,Wake(清醒)
801,0,Wake(清醒)
802,0,Wake(清醒)
803,0,Wake(清醒)
804,0,Wake(清醒)
805,0,Wake(清醒)
806,0,Wake(清醒)
807,0,Wake(清醒)
808,0,Wake(清醒)
809,0,Wake(清醒)
810,0,Wake(清醒)
811,0,Wake(清醒)
812,0,Wake(清醒)
813,0,Wake(清醒)
814,0,Wake(清醒)
815,0,Wake(清醒)
816,0,Wake(清醒)
817,0,Wake(清醒)
818,0,Wake(清醒)
819,0,Wake(清醒)
820,0,Wake(清醒)
821,0,Wake(清醒)
822,0,Wake(清醒)
823,0,Wake(清醒)
824,0,Wake(清醒)
825,0,Wake(清醒)
826,0,Wake(清醒)
827,0,Wake(清醒)
828,0,Wake(清醒)
829,0,Wake(清醒)
830,0,Wake(清醒)
831,0,Wake(清醒)
832,0,Wake(清醒)
833,0,Wake(清醒)
834,0,Wake(清醒)
835,0,Wake(清醒)
836,0,Wake(清醒)
837,0,Wake(清醒)
838,0,Wake(清醒)
839,0,Wake(清醒)
840,0,Wake(清醒)
841,0,Wake(清醒)
842,0,Wake(清醒)
843,0,Wake(清醒)
844,0,Wake(清醒)
845,0,Wake(清醒)
846,0,Wake(清醒)
847,0,Wake(清醒)
848,0,Wake(清醒)
849,0,Wake(清醒)
850,0,Wake(清醒)
851,0,Wake(清醒)
852,0,Wake(清醒)
853,0,Wake(清醒)
854,0,Wake(清醒)
855,0,Wake(清醒)
856,0,Wake(清醒)
857,0,Wake(清醒)
858,0,Wake(清醒)
859,0,Wake(清醒)
860,0,Wake(清醒)
861,0,Wake(清醒)
862,0,Wake(清醒)
863,0,Wake(清醒)
864,0,Wake(清醒)
865,0,Wake(清醒)
866,0,Wake(清醒)
867,0,Wake(清醒)
868,0,Wake(清醒)
869,0,Wake(清醒)
870,0,Wake(清醒)
871,0,Wake(清醒)
872,0,Wake(清醒)
873,0,Wake(清醒)
874,0,Wake(清醒)
875,0,Wake(清醒)
876,0,Wake(清醒)
877,0,Wake(清醒)
878,0,Wake(清醒)
879,0,Wake(清醒)
880,0,Wake(清醒)
881,0,Wake(清醒)
882,0,Wake(清醒)
883,0,Wake(清醒)
884,0,Wake(清醒)
885,0,Wake(清醒)
886,0,Wake(清醒)
887,0,Wake(清醒)
888,0,Wake(清醒)
889,0,Wake(清醒)
890,0,Wake(清醒)
891,0,Wake(清醒)
892,0,Wake(清醒)
893,0,Wake(清醒)
894,0,Wake(清醒)
895,0,Wake(清醒)
896,0,Wake(清醒)
897,0,Wake(清醒)
898,0,Wake(清醒)
899,0,Wake(清醒)
900,0,Wake(清醒)
901,0,Wake(清醒)
902,0,Wake(清醒)
903,0,Wake(清醒)
904,0,Wake(清醒)
905,0,Wake(清醒)
906,0,Wake(清醒)
907,0,Wake(清醒)
908,0,Wake(清醒)
909,0,Wake(清醒)
910,0,Wake(清醒)
911,0,Wake(清醒)
912,0,Wake(清醒)
913,0,Wake(清醒)
914,0,Wake(清醒)
915,0,Wake(清醒)
916,0,Wake(清醒)
917,0,Wake(清醒)
918,0,Wake(清醒)
919,0,Wake(清醒)
920,0,Wake(清醒)
921,0,Wake(清醒)
922,0,Wake(清醒)
923,0,Wake(清醒)
924,0,Wake(清醒)
925,0,Wake(清醒)
926,0,Wake(清醒)
927,0,Wake(清醒)
928,0,Wake(清醒)
929,0,Wake(清醒)
930,0,Wake(清醒)
931,0,Wake(清醒)
932,0,Wake(清醒)
933,0,Wake(清醒)
934,0,Wake(清醒)
935,0,Wake(清醒)
936,0,Wake(清醒)
937,0,Wake(清醒)
938,0,Wake(清醒)
939,0,Wake(清醒)
940,0,Wake(清醒)
941,0,Wake(清醒)
942,0,Wake(清醒)
943,0,Wake(清醒)
944,0,Wake(清醒)
945,0,Wake(清醒)
946,0,Wake(清醒)
947,0,Wake(清醒)
948,0,Wake(清醒)
949,0,Wake(清醒)
950,0,Wake(清醒)
951,0,Wake(清醒)
952,0,Wake(清醒)
953,0,Wake(清醒)
954,0,Wake(清醒)
955,0,Wake(清醒)
956,0,Wake(清醒)
957,0,Wake(清醒)
958,0,Wake(清醒)
959,0,Wake(清醒)
960,0,Wake(清醒)
961,0,Wake(清醒)
962,0,Wake(清醒)
963,0,Wake(清醒)
964,0,Wake(清醒)
965,0,Wake(清醒)
966,0,Wake(清醒)
967,0,Wake(清醒)
968,0,Wake(清醒)
969,0,Wake(清醒)
970,0,Wake(清醒)
971,0,Wake(清醒)
972,0,Wake(清醒)
973,0,Wake(清醒)
974,0,Wake(清醒)
975,0,Wake(清醒)
976,0,Wake(清醒)
977,0,Wake(清醒)
978,0,Wake(清醒)
979,0,Wake(清醒)
980,0,Wake(清醒)
981,0,Wake(清醒)
982,0,Wake(清醒)
983,0,Wake(清醒)
984,0,Wake(清醒)
985,0,Wake(清醒)
986,0,Wake(清醒)
987,0,Wake(清醒)
988,0,Wake(清醒)
989,0,Wake(清醒)
990,0,Wake(清醒)
991,0,Wake(清醒)
992,0,Wake(清醒)
993,0,Wake(清醒)
994,0,Wake(清醒)
995,0,Wake(清醒)
996,0,Wake(清醒)
997,0,Wake(清醒)
998,0,Wake(清醒)
999,0,Wake(清醒)
1000,0,Wake(清醒)
1001,0,Wake(清醒)
1002,0,Wake(清醒)
1003,0,Wake(清醒)
1004,0,Wake(清醒)
1005,0,Wake(清醒)
1006,0,Wake(清醒)
1007,0,Wake(清醒)
1008,0,Wake(清醒)
1009,0,Wake(清醒)
1010,0,Wake(清醒)
1011,0,Wake(清醒)
1012,0,Wake(清醒)
1013,0,Wake(清醒)
1014,0,Wake(清醒)
1015,0,Wake(清醒)
1016,0,Wake(清醒)
1017,0,Wake(清醒)
1018,0,Wake(清醒)
1019,0,Wake(清醒)
1020,0,Wake(清醒)
1021,0,Wake(清醒)
1022,0,Wake(清醒)
1023,0,Wake(清醒)
1024,0,Wake(清醒)
1025,0,Wake(清醒)
1026,0,Wake(清醒)
1027,0,Wake(清醒)
1028,0,Wake(清醒)
1029,0,Wake(清醒)
1030,0,Wake(清醒)
1031,0,Wake(清醒)
1032,0,Wake(清醒)
1033,0,Wake(清醒)
1034,0,Wake(清醒)
1035,0,Wake(清醒)
1036,0,Wake(清醒)
1037,0,Wake(清醒)
1038,0,Wake(清醒)
1039,0,Wake(清醒)
1040,0,Wake(清醒)
1041,0,Wake(清醒)
1042,0,Wake(清醒)
1043,0,Wake(清醒)
1044,0,Wake(清醒)
1045,0,Wake(清醒)
1046,0,Wake(清醒)
1047,0,Wake(清醒)
1048,0,Wake(清醒)
1049,0,Wake(清醒)
1050,0,Wake(清醒)
1051,0,Wake(清醒)
1052,0,Wake(清醒)
1053,0,Wake(清醒)
1054,0,Wake(清醒)
1055,0,Wake(清醒)
1056,0,Wake(清醒)
1057,0,Wake(清醒)
1058,0,Wake(清醒)
1059,0,Wake(清醒)
1060,0,Wake(清醒)
1061,0,Wake(清醒)
1062,0,Wake(清醒)
1063,0,Wake(清醒)
1064,0,Wake(清醒)
1065,0,Wake(清醒)
1066,0,Wake(清醒)
1067,0,Wake(清醒)
1068,0,Wake(清醒)
1069,0,Wake(清醒)
1070,0,Wake(清醒)
1071,0,Wake(清醒)
1072,0,Wake(清醒)
1073,0,Wake(清醒)
1074,0,Wake(清醒)
1075,0,Wake(清醒)
1076,0,Wake(清醒)
1077,0,Wake(清醒)
1078,0,Wake(清醒)
1079,0,Wake(清醒)
1080,0,Wake(清醒)
1081,0,Wake(清醒)
1082,0,Wake(清醒)
1083,0,Wake(清醒)
1084,0,Wake(清醒)
1085,0,Wake(清醒)
1086,0,Wake(清醒)
1087,0,Wake(清醒)
1088,0,Wake(清醒)
1089,0,Wake(清醒)
1090,0,Wake(清醒)
1091,0,Wake(清醒)
1092,0,Wake(清醒)
1093,0,Wake(清醒)
1094,0,Wake(清醒)
1095,0,Wake(清醒)
1096,0,Wake(清醒)
1097,0,Wake(清醒)
1098,0,Wake(清醒)
1099,0,Wake(清醒)
1100,0,Wake(清醒)
1101,0,Wake(清醒)
1102,0,Wake(清醒)
1103,0,Wake(清醒)
1104,0,Wake(清醒)
1105,0,Wake(清醒)
1106,0,Wake(清醒)
1107,0,Wake(清醒)
1108,0,Wake(清醒)
1109,0,Wake(清醒)
1110,0,Wake(清醒)
1111,0,Wake(清醒)
1112,0,Wake(清醒)
1113,0,Wake(清醒)
1114,0,Wake(清醒)
1115,0,Wake(清醒)
1116,0,Wake(清醒)
1117,0,Wake(清醒)
1118,0,Wake(清醒)
1119,0,Wake(清醒)
1120,0,Wake(清醒)
1121,0,Wake(清醒)
1122,0,Wake(清醒)
1123,0,Wake(清醒)
1124,0,Wake(清醒)
1125,0,Wake(清醒)
1126,0,Wake(清醒)
1127,0,Wake(清醒)
1128,0,Wake(清醒)
1129,0,Wake(清醒)
1130,0,Wake(清醒)
1131,0,Wake(清醒)
1132,0,Wake(清醒)
1133,0,Wake(清醒)
1134,0,Wake(清醒)
1135,0,Wake(清醒)
1136,0,Wake(清醒)
1137,0,Wake(清醒)
1138,0,Wake(清醒)
1139,0,Wake(清醒)
1140,0,Wake(清醒)
1141,0,Wake(清醒)
1142,0,Wake(清醒)
1143,0,Wake(清醒)
1144,0,Wake(清醒)
1145,0,Wake(清醒)
1146,0,Wake(清醒)
1147,0,Wake(清醒)
1148,0,Wake(清醒)
1149,0,Wake(清醒)
1150,0,Wake(清醒)
1151,0,Wake(清醒)
1152,0,Wake(清醒)
1153,0,Wake(清醒)
1154,0,Wake(清醒)
1155,0,Wake(清醒)
1156,0,Wake(清醒)
1157,0,Wake(清醒)
1158,0,Wake(清醒)
1159,0,Wake(清醒)
1160,0,Wake(清醒)
1161,0,Wake(清醒)
1162,0,Wake(清醒)
1163,0,Wake(清醒)
1164,0,Wake(清醒)
1165,0,Wake(清醒)
1166,0,Wake(清醒)
1167,0,Wake(清醒)
1168,0,Wake(清醒)
1169,0,Wake(清醒)
1170,0,Wake(清醒)
1171,0,Wake(清醒)
1172,0,Wake(清醒)
1173,0,Wake(清醒)
1174,0,Wake(清醒)
1175,0,Wake(清醒)
1176,0,Wake(清醒)
1177,0,Wake(清醒)
1178,0,Wake(清醒)
1179,0,Wake(清醒)
1180,0,Wake(清醒)
1181,0,Wake(清醒)
1182,0,Wake(清醒)
1183,0,Wake(清醒)
1184,0,Wake(清醒)
1185,0,Wake(清醒)
1186,0,Wake(清醒)
1187,0,Wake(清醒)
1188,0,Wake(清醒)
1189,0,Wake(清醒)
1190,0,Wake(清醒)
1191,0,Wake(清醒)
1192,0,Wake(清醒)
1193,0,Wake(清醒)
1194,0,Wake(清醒)
1195,0,Wake(清醒)
1196,0,Wake(清醒)
1197,0,Wake(清醒)
1198,0,Wake(清醒)
1199,0,Wake(清醒)
1200,0,Wake(清醒)
1201,0,Wake(清醒)
1202,0,Wake(清醒)
1203,0,Wake(清醒)
1204,0,Wake(清醒)
1205,0,Wake(清醒)
1206,0,Wake(清醒)
1207,0,Wake(清醒)
1208,0,Wake(清醒)
1209,0,Wake(清醒)
1210,0,Wake(清醒)
1211,0,Wake(清醒)
1212,0,Wake(清醒)
1213,0,Wake(清醒)
1214,0,Wake(清醒)
1215,0,Wake(清醒)
1216,0,Wake(清醒)
1217,0,Wake(清醒)
1218,0,Wake(清醒)
1219,0,Wake(清醒)
1220,0,Wake(清醒)
1221,0,Wake(清醒)
1222,0,Wake(清醒)
1223,0,Wake(清醒)
1224,0,Wake(清醒)
1225,0,Wake(清醒)
1226,0,Wake(清醒)
1227,0,Wake(清醒)
1228,0,Wake(清醒)
1229,0,Wake(清醒)
1230,0,Wake(清醒)
1231,0,Wake(清醒)
1232,0,Wake(清醒)
1233,0,Wake(清醒)
1234,0,Wake(清醒)
1235,0,Wake(清醒)
1236,0,Wake(清醒)
1237,0,Wake(清醒)
1238,0,Wake(清醒)
1239,0,Wake(清醒)
1240,0,Wake(清醒)
1241,0,Wake(清醒)
1242,0,Wake(清醒)
1243,0,Wake(清醒)
1244,0,Wake(清醒)
1245,0,Wake(清醒)
1246,0,Wake(清醒)
1247,0,Wake(清醒)
1248,0,Wake(清醒)
1249,0,Wake(清醒)
1250,0,Wake(清醒)
1251,0,Wake(清醒)
1252,0,Wake(清醒)
1253,0,Wake(清醒)
1254,0,Wake(清醒)
1255,0,Wake(清醒)
1256,0,Wake(清醒)
1257,0,Wake(清醒)
1258,0,Wake(清醒)
1259,0,Wake(清醒)
1260,0,Wake(清醒)
1261,0,Wake(清醒)
1262,0,Wake(清醒)
1263,0,Wake(清醒)
1264,0,Wake(清醒)
1265,0,Wake(清醒)
1266,0,Wake(清醒)
1267,0,Wake(清醒)
1268,0,Wake(清醒)
1269,0,Wake(清醒)
1270,0,Wake(清醒)
1271,0,Wake(清醒)
1272,0,Wake(清醒)
1273,0,Wake(清醒)
1274,0,Wake(清醒)
1275,0,Wake(清醒)
1276,0,Wake(清醒)
1277,0,Wake(清醒)
1278,0,Wake(清醒)
1279,0,Wake(清醒)
1280,0,Wake(清醒)
1281,0,Wake(清醒)
1282,0,Wake(清醒)
1283,0,Wake(清醒)
1284,0,Wake(清醒)
1285,0,Wake(清醒)
1286,0,Wake(清醒)
1287,0,Wake(清醒)
1288,0,Wake(清醒)
1289,0,Wake(清醒)
1290,0,Wake(清醒)
1291,0,Wake(清醒)
1292,0,Wake(清醒)
1293,0,Wake(清醒)
1294,0,Wake(清醒)
1295,0,Wake(清醒)
1296,0,Wake(清醒)
1297,0,Wake(清醒)
1298,0,Wake(清醒)
1299,0,Wake(清醒)
1300,0,Wake(清醒)
1301,0,Wake(清醒)
1302,0,Wake(清醒)
1303,0,Wake(清醒)
1304,0,Wake(清醒)
1305,0,Wake(清醒)
1306,0,Wake(清醒)
1307,0,Wake(清醒)
1308,0,Wake(清醒)
1309,0,Wake(清醒)
1310,0,Wake(清醒)
1311,0,Wake(清醒)
1312,0,Wake(清醒)
1313,0,Wake(清醒)
1314,0,Wake(清醒)
1315,0,Wake(清醒)
1316,0,Wake(清醒)
1317,0,Wake(清醒)
1318,0,Wake(清醒)
1319,0,Wake(清醒)
1320,0,Wake(清醒)
1321,0,Wake(清醒)
1322,0,Wake(清醒)
1323,0,Wake(清醒)
1324,0,Wake(清醒)
1325,0,Wake(清醒)
1326,0,Wake(清醒)
1327,0,Wake(清醒)
1328,0,Wake(清醒)
1329,0,Wake(清醒)
1330,0,Wake(清醒)
1331,0,Wake(清醒)
1332,0,Wake(清醒)
1333,0,Wake(清醒)
1334,0,Wake(清醒)
1335,0,Wake(清醒)
1336,0,Wake(清醒)
1337,0,Wake(清醒)
1338,0,Wake(清醒)
1339,0,Wake(清醒)
1340,0,Wake(清醒)
1341,0,Wake(清醒)
1342,0,Wake(清醒)
1343,0,Wake(清醒)
1344,0,Wake(清醒)
1345,0,Wake(清醒)
1346,0,Wake(清醒)
1347,0,Wake(清醒)
1348,0,Wake(清醒)
1349,0,Wake(清醒)
1350,0,Wake(清醒)
1351,0,Wake(清醒)
1352,0,Wake(清醒)
1353,0,Wake(清醒)
1354,0,Wake(清醒)
1355,0,Wake(清醒)
1356,0,Wake(清醒)
1357,0,Wake(清醒)
1358,0,Wake(清醒)
1359,0,Wake(清醒)
1360,0,Wake(清醒)
1361,0,Wake(清醒)
1362,0,Wake(清醒)
1363,0,Wake(清醒)
1364,0,Wake(清醒)
1365,0,Wake(清醒)
1366,0,Wake(清醒)
1367,0,Wake(清醒)
1368,0,Wake(清醒)
1369,0,Wake(清醒)
1370,0,Wake(清醒)
1371,0,Wake(清醒)
1372,0,Wake(清醒)
1373,0,Wake(清醒)
1374,0,Wake(清醒)
1375,0,Wake(清醒)
1376,0,Wake(清醒)
1377,0,Wake(清醒)
1378,0,Wake(清醒)
1379,0,Wake(清醒)
1380,0,Wake(清醒)
1381,0,Wake(清醒)
1382,0,Wake(清醒)
1383,0,Wake(清醒)
1384,0,Wake(清醒)
1385,0,Wake(清醒)
1386,0,Wake(清醒)
1387,0,Wake(清醒)
1388,0,Wake(清醒)
1389,0,Wake(清醒)
1390,0,Wake(清醒)
1391,0,Wake(清醒)
1392,0,Wake(清醒)
1393,0,Wake(清醒)
1394,0,Wake(清醒)
1395,0,Wake(清醒)
1396,0,Wake(清醒)
1397,0,Wake(清醒)
1398,0,Wake(清醒)
1399,0,Wake(清醒)
1400,0,Wake(清醒)
1401,0,Wake(清醒)
1402,0,Wake(清醒)
1403,0,Wake(清醒)
1404,0,Wake(清醒)
1405,0,Wake(清醒)
1406,0,Wake(清醒)
1407,0,Wake(清醒)
1408,0,Wake(清醒)
1409,0,Wake(清醒)
1410,0,Wake(清醒)
1411,0,Wake(清醒)
1412,0,Wake(清醒)
1413,0,Wake(清醒)
1414,0,Wake(清醒)
1415,0,Wake(清醒)
1416,0,Wake(清醒)
1417,0,Wake(清醒)
1418,0,Wake(清醒)
1419,0,Wake(清醒)
1420,0,Wake(清醒)
1421,0,Wake(清醒)
1422,0,Wake(清醒)
1423,0,Wake(清醒)
1424,0,Wake(清醒)
1425,0,Wake(清醒)
1426,0,Wake(清醒)
1427,0,Wake(清醒)
1428,0,Wake(清醒)
1429,0,Wake(清醒)
1430,0,Wake(清醒)
1431,0,Wake(清醒)
1432,0,Wake(清醒)
1433,0,Wake(清醒)
1434,0,Wake(清醒)
1435,0,Wake(清醒)
1436,0,Wake(清醒)
1437,0,Wake(清醒)
1438,0,Wake(清醒)
1439,0,Wake(清醒)
1440,0,Wake(清醒)
1441,0,Wake(清醒)
1442,0,Wake(清醒)
1443,0,Wake(清醒)
1444,0,Wake(清醒)
1445,0,Wake(清醒)
1446,0,Wake(清醒)
1447,0,Wake(清醒)
1448,0,Wake(清醒)
1449,0,Wake(清醒)
1450,0,Wake(清醒)
1451,0,Wake(清醒)
1452,0,Wake(清醒)
1453,0,Wake(清醒)
1454,0,Wake(清醒)
1455,0,Wake(清醒)
1456,0,Wake(清醒)
1457,0,Wake(清醒)
1458,0,Wake(清醒)
1459,0,Wake(清醒)
1460,0,Wake(清醒)
1461,0,Wake(清醒)
1462,0,Wake(清醒)
1463,0,Wake(清醒)
1464,0,Wake(清醒)
1465,0,Wake(清醒)
1466,0,Wake(清醒)
1467,0,Wake(清醒)
1468,0,Wake(清醒)
1469,0,Wake(清醒)
1470,0,Wake(清醒)
1471,0,Wake(清醒)
1472,0,Wake(清醒)
1473,0,Wake(清醒)
1474,0,Wake(清醒)
1475,0,Wake(清醒)
1476,0,Wake(清醒)
1477,0,Wake(清醒)
1478,0,Wake(清醒)
1479,0,Wake(清醒)
1480,0,Wake(清醒)
1481,0,Wake(清醒)
1482,0,Wake(清醒)
1483,0,Wake(清醒)
1484,0,Wake(清醒)
1485,0,Wake(清醒)
1486,0,Wake(清醒)
1487,0,Wake(清醒)
1488,0,Wake(清醒)
1489,0,Wake(清醒)
1490,0,Wake(清醒)
1491,0,Wake(清醒)
1492,0,Wake(清醒)
1493,0,Wake(清醒)
1494,0,Wake(清醒)
1495,0,Wake(清醒)
1496,0,Wake(清醒)
1497,0,Wake(清醒)
1498,0,Wake(清醒)
1499,0,Wake(清醒)
1500,0,Wake(清醒)
1501,0,Wake(清醒)
1502,0,Wake(清醒)
1503,0,Wake(清醒)
1504,0,Wake(清醒)
1505,0,Wake(清醒)
1506,0,Wake(清醒)
1507,0,Wake(清醒)
1508,0,Wake(清醒)
1509,0,Wake(清醒)
1510,0,Wake(清醒)
1511,0,Wake(清醒)
1512,0,Wake(清醒)
1513,0,Wake(清醒)
1514,0,Wake(清醒)
1515,0,Wake(清醒)
1516,0,Wake(清醒)
1517,0,Wake(清醒)
1518,0,Wake(清醒)
1519,0,Wake(清醒)
1520,0,Wake(清醒)
1521,0,Wake(清醒)
1522,0,Wake(清醒)
1523,0,Wake(清醒)
1524,0,Wake(清醒)
1525,0,Wake(清醒)
1526,0,Wake(清醒)
1527,0,Wake(清醒)
1528,0,Wake(清醒)
1529,0,Wake(清醒)
1530,0,Wake(清醒)
1531,0,Wake(清醒)
1532,0,Wake(清醒)
1533,0,Wake(清醒)
1534,0,Wake(清醒)
1535,0,Wake(清醒)
1536,0,Wake(清醒)
1537,0,Wake(清醒)
1538,0,Wake(清醒)
1539,0,Wake(清醒)
1540,0,Wake(清醒)
1541,0,Wake(清醒)
1542,0,Wake(清醒)
1543,0,Wake(清醒)
1544,0,Wake(清醒)
1545,0,Wake(清醒)
1546,0,Wake(清醒)
1547,0,Wake(清醒)
1548,0,Wake(清醒)
1549,0,Wake(清醒)
1550,0,Wake(清醒)
1551,0,Wake(清醒)
1552,0,Wake(清醒)
1553,0,Wake(清醒)
1554,0,Wake(清醒)
1555,0,Wake(清醒)
1556,0,Wake(清醒)
1557,0,Wake(清醒)
1558,0,Wake(清醒)
1559,0,Wake(清醒)
1560,0,Wake(清醒)
1561,0,Wake(清醒)
1562,0,Wake(清醒)
1563,0,Wake(清醒)
1564,0,Wake(清醒)
1565,0,Wake(清醒)
1566,0,Wake(清醒)
1567,0,Wake(清醒)
1568,0,Wake(清醒)
1569,0,Wake(清醒)
1570,0,Wake(清醒)
1571,0,Wake(清醒)
1572,0,Wake(清醒)
1573,0,Wake(清醒)
1574,0,Wake(清醒)
1575,0,Wake(清醒)
1576,0,Wake(清醒)
1577,0,Wake(清醒)
1578,0,Wake(清醒)
1579,0,Wake(清醒)
1580,0,Wake(清醒)
1581,0,Wake(清醒)
1582,0,Wake(清醒)
1583,0,Wake(清醒)
1584,0,Wake(清醒)
1585,0,Wake(清醒)
1586,0,Wake(清醒)
1587,0,Wake(清醒)
1588,0,Wake(清醒)
1589,0,Wake(清醒)
1590,0,Wake(清醒)
1591,0,Wake(清醒)
1592,0,Wake(清醒)
1593,0,Wake(清醒)
1594,0,Wake(清醒)
1595,0,Wake(清醒)
1596,0,Wake(清醒)
1597,0,Wake(清醒)
1598,0,Wake(清醒)
1599,0,Wake(清醒)
1600,0,Wake(清醒)
1601,0,Wake(清醒)
1602,0,Wake(清醒)
1603,0,Wake(清醒)
1604,0,Wake(清醒)
1605,0,Wake(清醒)
1606,0,Wake(清醒)
1607,0,Wake(清醒)
1608,0,Wake(清醒)
1609,0,Wake(清醒)
1610,0,Wake(清醒)
1611,0,Wake(清醒)
1612,0,Wake(清醒)
1613,0,Wake(清醒)
1614,0,Wake(清醒)
1615,0,Wake(清醒)
1616,0,Wake(清醒)
1617,0,Wake(清醒)
1618,0,Wake(清醒)
1619,0,Wake(清醒)
1620,0,Wake(清醒)
1621,0,Wake(清醒)
1622,0,Wake(清醒)
1623,0,Wake(清醒)
1624,0,Wake(清醒)
1625,0,Wake(清醒)
1626,0,Wake(清醒)
1627,0,Wake(清醒)
1628,0,Wake(清醒)
1629,0,Wake(清醒)
1630,0,Wake(清醒)
1631,0,Wake(清醒)
1632,0,Wake(清醒)
1633,0,Wake(清醒)
1634,0,Wake(清醒)
1635,0,Wake(清醒)
1636,0,Wake(清醒)
1637,0,Wake(清醒)
1638,0,Wake(清醒)
1639,0,Wake(清醒)
1640,0,Wake(清醒)
1641,0,Wake(清醒)
1642,0,Wake(清醒)
1643,0,Wake(清醒)
1644,0,Wake(清醒)
1645,0,Wake(清醒)
1646,0,Wake(清醒)
1647,0,Wake(清醒)
1648,0,Wake(清醒)
1649,0,Wake(清醒)
1650,0,Wake(清醒)
1651,0,Wake(清醒)
1652,0,Wake(清醒)
1653,0,Wake(清醒)
1654,0,Wake(清醒)
1655,0,Wake(清醒)
1656,0,Wake(清醒)
1657,0,Wake(清醒)
1658,0,Wake(清醒)
1659,0,Wake(清醒)
1660,0,Wake(清醒)
1661,0,Wake(清醒)
1662,0,Wake(清醒)
1663,0,Wake(清醒)
1664,0,Wake(清醒)
1665,0,Wake(清醒)
1666,0,Wake(清醒)
1667,0,Wake(清醒)
1668,0,Wake(清醒)
1669,0,Wake(清醒)
1670,0,Wake(清醒)
1671,0,Wake(清醒)
1672,0,Wake(清醒)
1673,0,Wake(清醒)
1674,0,Wake(清醒)
1675,0,Wake(清醒)
1676,0,Wake(清醒)
1677,0,Wake(清醒)
1678,0,Wake(清醒)
1679,0,Wake(清醒)
1680,0,Wake(清醒)
1681,0,Wake(清醒)
1682,0,Wake(清醒)
1683,0,Wake(清醒)
1684,0,Wake(清醒)
1685,0,Wake(清醒)
1686,0,Wake(清醒)
1687,0,Wake(清醒)
1688,0,Wake(清醒)
1689,0,Wake(清醒)
1690,0,Wake(清醒)
1691,0,Wake(清醒)
1692,0,Wake(清醒)
1693,0,Wake(清醒)
1694,0,Wake(清醒)
1695,0,Wake(清醒)
1696,0,Wake(清醒)
1697,0,Wake(清醒)
1698,0,Wake(清醒)
1699,0,Wake(清醒)
1700,0,Wake(清醒)
1701,0,Wake(清醒)
1702,0,Wake(清醒)
1703,0,Wake(清醒)
1704,0,Wake(清醒)
1705,0,Wake(清醒)
1706,0,Wake(清醒)
1707,0,Wake(清醒)
1708,0,Wake(清醒)
1709,0,Wake(清醒)
1710,0,Wake(清醒)
1711,0,Wake(清醒)
1712,0,Wake(清醒)
1713,0,Wake(清醒)
1714,0,Wake(清醒)
1715,0,Wake(清醒)
1716,0,Wake(清醒)
1717,0,Wake(清醒)
1718,0,Wake(清醒)
1719,0,Wake(清醒)
1720,0,Wake(清醒)
1721,0,Wake(清醒)
1722,0,Wake(清醒)
1723,0,Wake(清醒)
1724,0,Wake(清醒)
1725,0,Wake(清醒)
1726,0,Wake(清醒)
1727,0,Wake(清醒)
1728,0,Wake(清醒)
1729,0,Wake(清醒)
1730,0,Wake(清醒)
1731,0,Wake(清醒)
1732,0,Wake(清醒)
1733,0,Wake(清醒)
1734,0,Wake(清醒)
1735,0,Wake(清醒)
1736,0,Wake(清醒)
1737,0,Wake(清醒)
1738,0,Wake(清醒)
1739,0,Wake(清醒)
1740,0,Wake(清醒)
